{"main":{"null-instagram-feed-6":{"title":"Follow us","username":"imdb","number":"9","size":"large","target":"_self","link":"Follow Me!"},"social-follow-1":{"title":"","fb_link":"#","twitter_link":"#","insta_link":"#"},"tabbed-posts-1":{"title":"","number":8},"latest-posts-1":{"title":"Most Popular","number":8,"style":1}},"footer-1":{"text-1":{"title":"","text":"<div class=\"footer-logo\">\r\n<img src=\"http:\/\/themebubble.com\/demo\/magplus\/wp-content\/uploads\/2017\/03\/dark-logo.png\">  \r\n<\/div>\r\n<div class=\"empty-space marg-lg-b20\"><\/div>","filter":false}},"footer-2":{"null-instagram-feed-4":{"title":"Instagram","username":"imdb","number":"8","size":"large","target":"_self","link":"Follow Me!"}},"footer-3":{"tabbed-posts-3":{"title":"News","number":2}},"footer-4":{"tag_cloud-1":{"title":"Popular Tags","taxonomy":"post_tag"}}}