{
  "main":
  {
    "null-instagram-feed-5":
    {
      "title": "Instagram",
      "username": "stocksyunited",
      "number": "9",
      "size": "large",
      "target": "_self",
      "link": "Follow Me!"
    },
    "latest-posts-1":
    {
      "title": "Most Popular",
      "number": 8,
      "style": 2
    },
    "custom-ads-1":
    {
      "title": "",
      "url": "http:\/\/themebubble.com\/demo\/magplus\/photographypro\/wp-content\/uploads\/sites\/26\/2017\/08\/07cddb9b14eb79b23ab1d02f2b015277.jpg",
      "link": ""
    },
    "social-follow-1":
    {
      "title": "",
      "fb_link": "#",
      "twitter_link": "#",
      "insta_link": "#"
    }
  },
  "footer-1":
  {
    "text-1":
    {
      "title": "",
      "text": "<div class=\"footer-logo\">\r\n<img src=\"http:\/\/themebubble.com\/demo\/magplus\/wp-content\/uploads\/2017\/03\/dark-logo.png\" alt=\"\">  \r\n<\/div>\r\n<div class=\"empty-space marg-lg-b20\"><\/div>",
      "filter": false,
      "visual": false
    },
    "social-media-1":
    {
      "title": "",
      "style": 0,
      "category": "11"
    }
  },
  "footer-2":
  {
    "null-instagram-feed-3":
    {
      "title": "Instagram",
      "username": "vougue",
      "number": "8",
      "size": "large",
      "target": "_self",
      "link": "Follow Me!"
    }
  },
  "footer-3":
  {
    "recent-posts-3":
    {
      "title": "Recent Posts",
      "number": 3,
      "show_date": false
    }
  },
  "footer-4":
  {
    "tag_cloud-1":
    {
      "title": "Popular Tags",
      "taxonomy": "post_tag"
    }
  }
}