{"main":{"two-column-post-1":{"title":"","number":4},"custom-ads-1":{"title":"","url":"http:\/\/themebubble.com\/demo\/magplus\/lifestylepro\/wp-content\/uploads\/sites\/29\/2017\/08\/65455f1145eb42be403d48ac428a73ee.jpg","link":""},"latest-posts-2":{"title":"Most Popular","number":7,"style":2},"social-follow-2":{"title":"","fb_link":"#","twitter_link":"#","insta_link":"#"},"subscribe-widget-2":{"title":"Sign up for Newsletter","content":"Hottest articles on your inbox!","image_url":"http:\/\/themebubble.com\/demo\/magplus\/wp-content\/uploads\/2017\/08\/Untitled-2.jpg"}},"footer-1":{"text-2":{"title":"","text":"<div class=\"footer-logo\">\r\n<img src=\"http:\/\/themebubble.com\/demo\/magplus\/wp-content\/uploads\/2017\/03\/dark-logo.png\">  \r\n<\/div>\r\n<div class=\"empty-space marg-lg-b20\"><\/div>","filter":false},"social-media-1":{"title":"","style":0,"category":"11"}},"footer-2":{"tabbed-posts-2":{"title":"","number":2}},"footer-3":{"social-follow-3":{"title":"","fb_link":"sdasd","twitter_link":"","insta_link":""}},"footer-4":{"tag_cloud-2":{"title":"Popular Tags","taxonomy":"post_tag"}}}