{
  "main":
  {
    "latest-posts-1":
    {
      "title": "",
      "number": 8,
      "style": 2
    },
    "category-block-5":
    {
      "title": "What's Trending",
      "style": 2,
      "category": ""
    },
    "custom-ads-1":
    {
      "title": "",
      "url": "http:\/\/themebubble.com\/demo\/magplus\/viralpro\/wp-content\/uploads\/sites\/12\/2017\/08\/f2496ae6b21b6d7628813017e53abe3d.gif",
      "link": ""
    },
    "subscribe-widget-1":
    {
      "title": "Sign up for Newsletter",
      "content": "Hottest articles on your inbox!",
      "image_url": "http:\/\/themebubble.com\/demo\/magplus\/wp-content\/uploads\/2017\/08\/Untitled-2.jpg"
    }
  },
  "footer-1":
  {
    "text-1":
    {
      "title": "",
      "text": "<div class=\"footer-logo\">\r\n<img src=\"http:\/\/themebubble.com\/demo\/magplus\/wp-content\/uploads\/2017\/03\/dark-logo.png\">  \r\n<\/div>\r\n<div class=\"empty-space marg-lg-b20\"><\/div>",
      "filter": false
    },
    "social-media-1":
    {
      "title": "",
      "style": 0,
      "category": "11"
    }
  },
  "footer-2":
  {
    "gallery-posts-3":
    {
      "title": "",
      "category": 506
    }
  },
  "footer-3":
  {
    "recent-posts-3":
    {
      "title": "Recent Posts",
      "number": 3,
      "show_date": false
    }
  },
  "footer-4":
  {
    "tag_cloud-1":
    {
      "title": "Popular Tags",
      "taxonomy": "post_tag"
    }
  }
}
