{"main":{"about-block-1":{"title":"Hey You","url":"http:\/\/wordpress-104454-297826.cloudwaysapps.com\/girlypro\/wp-content\/uploads\/sites\/40\/2017\/12\/Untitled-3.png","style":"2","content":"Hello, I'm Karla. I love to write. Beer practitioner. TV geek. Social media nerd. Zombie advocate. Pop culture trailblazer. How you doing?","signature":"http:\/\/themebubble.com\/demo\/magplus\/blogpro\/wp-content\/uploads\/sites\/11\/2017\/06\/signature-min.png","height":"195","link":"#"},"tabbed-posts-1":{"title":"","number":4},"subscribe-widget-1":{"title":"Signup to Weekly Newsletter ","content":"Hottest articles on your inbox!","image_url":"http:\/\/themebubble.com\/demo\/magplus\/wp-content\/uploads\/2017\/08\/Newletters.jpg"},"latest-posts-1":{"title":"Fave Articles","number":5,"style":1}},"footer-instagram-sidebar":{"null-instagram-feed-1":{"title":"Follow us on Instagram @MagPlus","username":"themebubble","number":"4","size":"large","target":"_self","link":"Follow Me!"}}}