{
  "main":
  {
    "latest-posts-1":
    {
      "title": "Most Popular",
      "number": 6,
      "style": 2
    },
    "subscribe-widget-1":
    {
      "title": "Sign up for Newsletter",
      "content": "Hottest articles on your inbox!",
      "image_url": "http:\/\/themebubble.com\/demo\/magplus\/wp-content\/uploads\/2017\/08\/Untitled-2.jpg"
    },
    "social-follow-1":
    {
      "title": "",
      "fb_link": "#",
      "twitter_link": "#",
      "insta_link": "#"
    }
  },
  "footer-1":
  {
    "text-2":
    {
      "title": "",
      "text": "<div class=\"footer-logo\">\r\n<img src=\"http:\/\/themebubble.com\/demo\/magplus\/wp-content\/uploads\/2017\/03\/dark-logo.png\">  \r\n<\/div>\r\n<div class=\"empty-space marg-lg-b20\"><\/div>",
      "filter": false
    }
  },
  "footer-2":
  {
    "recent-posts-5":
    {
      "title": "",
      "number": 3,
      "show_date": false
    }
  },
  "footer-3":
  {
    "latest-posts-3":
    {
      "title": "POPULAR POST",
      "number": 1,
      "style": 1
    }
  },
  "footer-4":
  {
    "tag_cloud-1":
    {
      "title": "Popular Tags",
      "taxonomy": "post_tag"
    }
  }
}