{
  "main":
  {
    "latest-posts-1":
    {
      "title": "Most Popular",
      "number": 6,
      "style": 2
    },
    "tabbed-posts-1":
    {
      "title": "",
      "number": 5
    },
    "custom-ads-1":
    {
      "title": "",
      "url": "http:\/\/themebubble.com\/demo\/magplus\/gadgetpro\/wp-content\/uploads\/sites\/32\/2017\/08\/9494c1162f66af07105366cf7b7fcf55.png",
      "link": ""
    },
    "social-follow-1":
    {
      "title": "",
      "fb_link": "#",
      "twitter_link": "#",
      "insta_link": "#"
    },
    "two-column-post-3":
    {
      "title": "",
      "number": 8
    }
  },
  "footer-1":
  {
    "text-1":
    {
      "title": "",
      "text": "<div class=\"footer-logo\">\r\n<img src=\"http:\/\/themebubble.com\/demo\/magplus\/wp-content\/uploads\/2017\/03\/dark-logo.png\">  \r\n<\/div>\r\n<div class=\"empty-space marg-lg-b20\"><\/div>",
      "filter": false
    },
    "social-media-1":
    {
      "title": "",
      "style": 0,
      "category": "11"
    }
  },
  "footer-2":
  {
    "social-follow-3":
    {
      "title": "Follow us",
      "fb_link": "",
      "twitter_link": "sdfsdf",
      "insta_link": ""
    }
  },
  "footer-3":
  {
    "recent-posts-3":
    {
      "title": "Recent Posts",
      "number": 3,
      "show_date": false
    }
  },
  "footer-4":
  {
    "latest-posts-3":
    {
      "title": "",
      "number": 1,
      "style": 1
    }
  }
}