{
  "main":
  {
    "tabbed-posts-1":
    {
      "title": "",
      "number": 8
    },
    "latest-posts-1":
    {
      "title": "Most Popular",
      "number": 5,
      "style": 2
    }
  },
  "footer-1":
  {
    "text-1":
    {
      "title": "",
      "text": "<div class=\"footer-logo\">\r\n<img src=\"http:\/\/themebubble.com\/demo\/magplus\/wp-content\/uploads\/2017\/03\/dark-logo.png\" alt=\"\">  \r\n<\/div>\r\n<div class=\"empty-space marg-lg-b20\"><\/div>",
      "filter": false,
      "visual": false
    },
    "social-media-1":
    {
      "title": "",
      "style": 0,
      "category": ""
    }
  },
  "footer-2":
  {
    "social-follow-3":
    {
      "title": "Follow Us",
      "fb_link": "afasfa",
      "twitter_link": "",
      "insta_link": ""
    }
  },
  "footer-3":
  {
    "latest-posts-3":
    {
      "title": "",
      "number": 1,
      "style": 1
    }
  },
  "footer-4":
  {
    "fbw_id-3":
    {
      "data_small_header": "",
      "data_adapt_container_width": "",
      "data_hide_cover": "",
      "data_show_facepile": "on",
      "data_show_posts": "",
      "title": "Like Us On Facebook",
      "app_id": "503595753002055",
      "fb_url": "https:\/\/www.facebook.com\/envato\/",
      "width": "250",
      "height": "350",
      "custom_css": "",
      "select_lng": "en_US"
    }
  }
}