{"main":{"latest-posts-2":{"title":"Most Popular","number":7,"style":1},"null-instagram-feed-4":{"title":"Instagram","username":"travisburkephotography","number":"9","size":"large","target":"_self","link":"Follow Me!"},"tabbed-posts-2":{"title":"","number":5},"custom-ads-2":{"title":"","url":"http:\/\/themebubble.com\/demo\/magplus\/travelpro\/wp-content\/uploads\/sites\/10\/2017\/08\/cdc978645c4a99419203592cbc001b5b.png","link":"#"},"social-follow-2":{"title":"","fb_link":"#","twitter_link":"#","insta_link":"#"},"subscribe-widget-2":{"title":"Sign up for Newsletter","content":"Hottest articles on your inbox!","image_url":"http:\/\/themebubble.com\/demo\/magplus\/travelpro\/wp-content\/uploads\/sites\/10\/2017\/08\/Untitled-1.png"}},"footer-3":{"recent-posts-2":{"title":"","number":5}}}
