{
  "main":
  {
    "latest-posts-1":
    {
      "title": "Most Popular",
      "number": 8,
      "style": 2
    },
    "null-instagram-feed-6":
    {
      "title": "Follow us",
      "username": "mtv",
      "number": "9",
      "size": "large",
      "target": "_self",
      "link": "Follow Me!"
    },
    "subscribe-widget-1":
    {
      "title": "Sign up for Newsletter",
      "content": "Hottest articles on your inbox!",
      "image_url": "http:\/\/themebubble.com\/demo\/magplus\/musicpro\/wp-content\/uploads\/sites\/16\/2017\/08\/Untitled-1.png"
    }
  },
  "footer-1":
  {
    "text-1":
    {
      "title": "",
      "text": "<div class=\"footer-logo\">\r\n<img src=\"http:\/\/themebubble.com\/demo\/magplus\/wp-content\/uploads\/2017\/03\/dark-logo.png\">  \r\n<\/div>\r\n<div class=\"empty-space marg-lg-b20\"><\/div>",
      "filter": false
    },
    "social-media-1":
    {
      "title": "",
      "style": 0,
      "category": "11"
    }
  },
  "footer-2":
  {
    "gallery-posts-5":
    {
      "title": "",
      "category": 452
    }
  },
  "footer-3":
  {
    "null-instagram-feed-4":
    {
      "title": "Instagram",
      "username": "hbo",
      "number": "8",
      "size": "thumbnail",
      "target": "_self",
      "link": "Follow Me!"
    }
  },
  "footer-4":
  {
    "tag_cloud-1":
    {
      "title": "Popular Tags",
      "taxonomy": "post_tag"
    }
  }
}