{
  "main":
  {
    "tabbed-posts-1":
    {
      "title": "",
      "number": 5
    },
    "latest-posts-1":
    {
      "title": "Most Popular",
      "number": 6
    },
    "subscribe-widget-1":
    {
      "title": "Sign up for Newsletter",
      "content": "Hottest articles on your inbox!",
      "image_url": "http:\/\/themebubble.com\/demo\/magplus\/wp-content\/uploads\/2017\/03\/Newletters.jpg"
    },
    "social-follow-1":
    {
      "title": "",
      "fb_link": "#",
      "twitter_link": "#",
      "insta_link": "#"
    },
    "custom-ads-1":
    {
      "title": "",
      "url": "http:\/\/themebubble.com\/demo\/magplus\/wp-content\/uploads\/2017\/03\/Ad.jpg",
      "link": ""
    }
  },
  "footer-1":
  {
    "text-1":
    {
      "title": "",
      "text": "<div class=\"footer-logo\">\r\n<img src=\"http:\/\/themebubble.com\/demo\/magplus\/wp-content\/uploads\/2017\/03\/dark-logo.png\">  \r\n<\/div>\r\n<div class=\"empty-space marg-lg-b20\"><\/div>",
      "filter": false
    },
    "social-media-1":
    {
      "title": "",
      "style": 0,
      "category": "11"
    }
  },
  "footer-2":
  {
    "nav_menu-1":
    {
      "title": "Hot Resources",
      "nav_menu": 2
    }
  },
  "footer-3":
  {
    "recent-posts-3":
    {
      "title": "Recent Posts",
      "number": 3,
      "show_date": false
    }
  },
  "footer-4":
  {
    "tag_cloud-1":
    {
      "title": "Popular Tags",
      "taxonomy": "post_tag"
    }
  }
}