{
  "main":
  {
    "null-instagram-feed-6":
    {
      "title": "Instagram",
      "username": "mtv",
      "number": "9",
      "size": "large",
      "target": "_self",
      "link": "Follow Me!"
    },
    "subscribe-widget-1":
    {
      "title": "Sign up for Newsletter",
      "content": "Hottest articles on your inbox!",
      "image_url": "http:\/\/themebubble.com\/demo\/magplus\/news\/wp-content\/uploads\/sites\/4\/2017\/03\/Newletters.jpg"
    },
    "latest-posts-1":
    {
      "title": "Most Popular",
      "number": 8,
      "style": 1
    },
    "tabbed-posts-1":
    {
      "title": "",
      "number": 5
    },
    "social-follow-1":
    {
      "title": "",
      "fb_link": "#",
      "twitter_link": "#",
      "insta_link": "#"
    }
  },
  "footer-1":
  {
    "text-1":
    {
      "title": "",
      "text": "<div class=\"footer-logo\">\r\n<img src=\"http:\/\/themebubble.com\/demo\/magplus\/wp-content\/uploads\/2017\/03\/dark-logo.png\">  \r\n<\/div>\r\n<div class=\"empty-space marg-lg-b20\"><\/div>",
      "filter": false
    },
    "social-media-1":
    {
      "title": "",
      "style": 0,
      "category": ""
    }
  },
  "footer-2":
  {
    "latest-posts-4":
    {
      "title": "most viewed",
      "number": 1,
      "style": 2
    }
  },
  "footer-3":
  {
    "fbw_id-3":
    {
      "data_small_header": "",
      "data_adapt_container_width": "",
      "data_hide_cover": "",
      "data_show_facepile": "on",
      "data_show_posts": "",
      "title": "Like Us On Facebook",
      "app_id": "503595753002055",
      "fb_url": "http:\/\/facebook.com\/BBC",
      "width": "400",
      "height": "250",
      "custom_css": "",
      "select_lng": "en_US"
    }
  },
  "footer-4":
  {
    "tag_cloud-1":
    {
      "title": "Popular Tags",
      "taxonomy": "post_tag"
    }
  }
}