{
  "main":
  {
    "latest-posts-1":
    {
      "title": "Most Popular",
      "number": 4,
      "style": 2
    },
    "about-block-3":
    {
      "title": "Hola, people.",
      "url": "http:\/\/themebubble.com\/demo\/magplus\/blogpro\/wp-content\/uploads\/sites\/11\/2017\/06\/gal.jpg",
      "content": "Hello, I'm Karla. I love to write. Beer practitioner. TV geek. Social media nerd. Zombie advocate. Pop culture trailblazer. How you doing?",
      "signature": "http:\/\/themebubble.com\/demo\/magplus\/blogpro\/wp-content\/uploads\/sites\/11\/2017\/06\/signature-min.png",
      "height": "",
      "link": "#"
    },
    "social-follow-1":
    {
      "title": "",
      "fb_link": "#",
      "twitter_link": "#",
      "insta_link": "#"
    },
    "subscribe-widget-1":
    {
      "title": "Sign up for Newsletter",
      "content": "Hottest articles on your inbox!",
      "image_url": "http:\/\/themebubble.com\/demo\/magplus\/wp-content\/uploads\/2017\/08\/Untitled-2.jpg"
    },
    "tabbed-posts-1":
    {
      "title": "",
      "number": 6
    }
  },
  "footer-1":
  {
    "text-1":
    {
      "title": "",
      "text": "<div class=\"footer-logo\">\r\n<img src=\"http:\/\/themebubble.com\/demo\/magplus\/wp-content\/uploads\/2017\/03\/dark-logo.png\">  \r\n<\/div>\r\n<div class=\"empty-space marg-lg-b20\"><\/div>",
      "filter": false
    },
    "social-media-1":
    {
      "title": "",
      "style": 0,
      "category": "11"
    }
  },
  "footer-2":
  {
    "nav_menu-1":
    {
      "title": "Hot Resources",
      "nav_menu": 2
    }
  },
  "footer-3":
  {
    "recent-posts-3":
    {
      "title": "Recent Posts",
      "number": 3,
      "show_date": false
    }
  },
  "footer-4":
  {
    "tag_cloud-1":
    {
      "title": "Popular Tags",
      "taxonomy": "post_tag"
    }
  }
}