{
  "main":
  {
    "null-instagram-feed-3":
    {
      "title": "Instagram",
      "username": "stocksyunited",
      "number": "9",
      "size": "large",
      "target": "_self",
      "link": "Follow Me!"
    },
    "tabbed-posts-1":
    {
      "title": "",
      "number": 5
    },
    "social-follow-3":
    {
      "title": "",
      "fb_link": "as",
      "twitter_link": "",
      "insta_link": ""
    }
  },
  "footer-1":
  {
    "text-1":
    {
      "title": "",
      "text": "<div class=\"footer-logo\">\r\n<img src=\"http:\/\/themebubble.com\/demo\/magplus\/wp-content\/uploads\/2017\/03\/dark-logo.png\">  \r\n<\/div>\r\n<div class=\"empty-space marg-lg-b20\"><\/div>",
      "filter": false
    },
    "social-media-1":
    {
      "title": "",
      "style": 0,
      "category": "11"
    }
  },
  "footer-2":
  {
    "latest-posts-3":
    {
      "title": "",
      "number": 1,
      "style": 2
    }
  },
  "footer-3":
  {
    "recent-posts-3":
    {
      "title": "Recent Posts",
      "number": 3,
      "show_date": false
    }
  },
  "footer-4":
  {
    "tag_cloud-1":
    {
      "title": "Popular Tags",
      "taxonomy": "category"
    }
  }
}