{
  "main":
  {
    "two-column-post-3": [],
    "null-instagram-feed-5":
    {
      "title": "Follow us",
      "username": "behance",
      "number": "9",
      "size": "large",
      "target": "_self",
      "link": "Follow Me!"
    },
    "social-follow-1":
    {
      "title": "",
      "fb_link": "#",
      "twitter_link": "#",
      "insta_link": "#"
    },
    "tabbed-posts-1":
    {
      "title": "",
      "number": 5
    },
    "latest-posts-1":
    {
      "title": "Most Popular",
      "number": 5,
      "style": 1
    }
  },
  "footer-1":
  {
    "text-1":
    {
      "title": "",
      "text": "<div class=\"footer-logo\">\r\n<img src=\"http:\/\/themebubble.com\/demo\/magplus\/wp-content\/uploads\/2017\/03\/dark-logo.png\" alt=\"\">  \r\n<\/div>\r\n<div class=\"empty-space marg-lg-b20\"><\/div>",
      "filter": false,
      "visual": false
    },
    "social-media-1":
    {
      "title": "",
      "style": 0,
      "category": "11"
    }
  },
  "footer-2":
  {
    "recent-posts-5":
    {
      "title": "",
      "number": 2,
      "show_date": false
    }
  },
  "footer-3":
  {
    "latest-posts-3":
    {
      "title": "",
      "number": 1,
      "style": 1
    }
  },
  "footer-4":
  {
    "null-instagram-feed-3":
    {
      "title": "Instagram",
      "username": "stocksyunited",
      "number": "9",
      "size": "large",
      "target": "_self",
      "link": "Follow Me!"
    }
  }
}