{"main":{"tabbed-posts-2":{"title":"","number":8},"latest-posts-2":{"title":"Most Popular","number":8,"style":1},"subscribe-widget-2":{"title":"Sign up for Newsletter","content":"Hottest articles on your inbox!","image_url":"http:\/\/themebubble.com\/demo\/magplus\/wp-content\/uploads\/2017\/08\/Untitled-2.jpg"},"social-follow-2":{"title":"","fb_link":"#","twitter_link":"#","insta_link":"#"}},"footer-1":{"text-2":{"title":"","text":"<div class=\"footer-logo\">\r\n<img src=\"http:\/\/themebubble.com\/demo\/magplus\/wp-content\/uploads\/2017\/03\/dark-logo.png\" alt=\"\">  \r\n<\/div>\r\n<div class=\"empty-space marg-lg-b20\"><\/div>","filter":false,"visual":false},"social-media-2":{"title":"","style":0,"category":"11"}},"footer-2":{"null-instagram-feed-1":{"title":"Instagram","username":"luxury","number":"10","size":"large","target":"_self","link":"Follow Me!"}},"footer-3":{"recent-posts-3":{"title":"Recent Posts","number":3,"show_date":false}},"footer-4":{"tag_cloud-1":{"title":"Popular Tags","taxonomy":"post_tag"}}}