{
  "main":
  {
    "about-block-2":
    {
      "title": "About Me",
      "url": "http:\/\/themebubble.com\/demo\/magplus\/blogpro\/wp-content\/uploads\/sites\/11\/2017\/06\/gal.jpg",
      "style": "2",
      "content": "Hello, I'm Karla. I love to write. Beer practitioner. TV geek. Social media nerd. Zombie advocate. Pop culture trailblazer. How you doing?",
      "signature": "http:\/\/themebubble.com\/demo\/magplus\/blogpro\/wp-content\/uploads\/sites\/11\/2017\/06\/signature-min.png",
      "height": "195",
      "link": "#"
    },
    "tabbed-posts-1":
    {
      "title": "",
      "number": 4
    },
    "latest-posts-1":
    {
      "title": "Most Popular",
      "number": 5,
      "style": 1
    },
    "null-instagram-feed-2":
    {
      "title": "Follow us @magplus",
      "username": "themebubble",
      "number": "9",
      "size": "large",
      "target": "_blank",
      "link": ""
    },
    "subscribe-widget-1":
    {
      "title": "Signup to Weekly Newsletter ",
      "content": "Hottest articles on your inbox!",
      "image_url": "http:\/\/themebubble.com\/demo\/magplus\/wp-content\/uploads\/2017\/08\/Newletters.jpg"
    }
  },
  "footer-1":
  {
    "text-2":
    {
      "title": "",
      "text": "<div class=\"footer-logo\">\r\n<img src=\"http:\/\/themebubble.com\/demo\/magplus\/wp-content\/uploads\/2017\/03\/dark-logo.png\" alt=\"\" \/>\r\n<\/div>",
      "filter": "content"
    }
  },
  "footer-2":
  {
    "recent-posts-6":
    {
      "title": "What's up",
      "number": 3,
      "show_date": false
    }
  },
  "footer-3":
  {
    "tag_cloud-3":
    {
      "title": "Popular Tags",
      "count": 0,
      "taxonomy": "post_tag"
    }
  },
  "footer-4":
  {
    "social-follow-4":
    {
      "title": "Be Social ",
      "fb_link": "",
      "twitter_link": "",
      "insta_link": ""
    }
  }
}
